report_date,year,iso_week,composite_benchmark_usd_mt,indonesia_fob_usd_mt,indonesia_domestic_idr_kg,sri_lanka_fob_usd_mt,sri_lanka_domestic_lkr_mt,india_fob_usd_mt,india_domestic_inr_mt,spread_sri_lanka_vs_indonesia_usd,spread_india_vs_indonesia_usd,usd_idr_fx_rate,usd_lkr_fx_rate,usd_inr_fx_rate,bulletin_ref_id,extraction_method,data_quality_status
2021-08-13,2021,32,931.0,918.2,11628.0,1018.5,190528.0,856.3,57594.0,100.3,-61.9,14388.0,205.2,74.19,ICC-WPB-2021-W32,DIGITAL_PDFPLUMBER,APPROVED
2021-08-20,2021,33,932.6,921.9,11673.0,1020.5,190659.0,855.5,57728.0,98.6,-66.4,14377.0,204.9,74.44,ICC-WPB-2021-W33,DIGITAL_PDFPLUMBER,APPROVED
2021-08-27,2021,34,939.8,930.2,11778.0,1029.4,185907.0,859.7,58181.0,99.2,-70.5,14360.0,197.9,74.62,ICC-WPB-2021-W34,DIGITAL_PDFPLUMBER,APPROVED
2021-09-03,2021,35,952.4,943.6,11916.0,1040.5,191526.0,873.2,59054.0,96.9,-70.4,14295.0,201.5,74.45,ICC-WPB-2021-W35,OCR_REPAIRED,AUTO_REPAIRED
2021-09-10,2021,36,956.2,945.1,12021.0,1048.2,193461.0,875.3,59131.0,103.1,-69.8,14395.0,201.9,74.35,ICC-WPB-2021-W36,DIGITAL_PDFPLUMBER,APPROVED
2021-09-17,2021,37,955.4,946.1,12033.0,1046.3,192312.0,873.9,58796.0,100.2,-72.2,14392.0,201.1,74.06,ICC-WPB-2021-W37,DIGITAL_PDFPLUMBER,APPROVED
2021-09-24,2021,38,968.3,958.5,12219.0,1058.7,192093.0,887.8,59898.0,100.2,-70.7,14401.0,198.3,74.15,ICC-WPB-2021-W38,DIGITAL_PDFPLUMBER,APPROVED
2021-10-01,2021,39,974.0,965.1,12260.0,1067.0,193348.0,890.0,60248.0,101.9,-75.1,14338.0,197.9,74.38,ICC-WPB-2021-W39,DIGITAL_PDFPLUMBER,APPROVED
2021-10-08,2021,40,973.9,963.1,12245.0,1070.8,196356.0,887.7,60044.0,107.7,-75.4,14353.0,200.2,74.34,ICC-WPB-2021-W40,DIGITAL_PDFPLUMBER,APPROVED
2021-10-15,2021,41,976.1,967.4,12395.0,1072.1,200741.0,888.7,60232.0,104.7,-78.7,14456.0,204.4,74.48,ICC-WPB-2021-W41,DIGITAL_PDFPLUMBER,APPROVED
2021-10-22,2021,42,974.5,964.9,12322.0,1074.4,199144.0,884.2,59977.0,109.5,-80.7,14413.0,202.3,74.58,ICC-WPB-2021-W42,OCR_VERIFIED,APPROVED
2021-10-29,2021,43,972.0,962.0,12313.0,1072.8,195675.0,881.2,59882.0,110.8,-80.8,14452.0,199.1,74.74,ICC-WPB-2021-W43,DIGITAL_PDFPLUMBER,APPROVED
2021-11-05,2021,44,972.0,963.4,12314.0,1072.6,199664.0,880.1,59703.0,109.2,-83.3,14429.0,203.2,74.62,ICC-WPB-2021-W44,DIGITAL_PDFPLUMBER,APPROVED
2021-11-12,2021,45,959.7,950.6,12135.0,1062.4,185242.0,866.0,58793.0,111.8,-84.6,14436.0,190.5,74.8,ICC-WPB-2021-W45,DIGITAL_PDFPLUMBER,APPROVED
2021-11-19,2021,46,949.3,938.9,12005.0,1052.5,196928.0,856.4,58020.0,113.6,-82.5,14483.0,204.6,74.73,ICC-WPB-2021-W46,OCR_VERIFIED,APPROVED
2021-11-26,2021,47,944.2,934.6,11894.0,1047.6,186253.0,850.3,57202.0,113.0,-84.3,14424.0,194.5,74.26,ICC-WPB-2021-W47,OCR_VERIFIED,APPROVED
2021-12-03,2021,48,938.0,927.4,11819.0,1041.8,189694.0,844.7,57008.0,114.4,-82.7,14459.0,199.3,74.55,ICC-WPB-2021-W48,DIGITAL_PDFPLUMBER,APPROVED
2021-12-10,2021,49,938.2,928.7,11822.0,1043.2,187494.0,842.7,57042.0,114.5,-86.0,14440.0,196.7,74.79,ICC-WPB-2021-W49,DIGITAL_PDFPLUMBER,APPROVED
2021-12-17,2021,50,932.4,922.2,11735.0,1038.1,186017.0,837.0,56442.0,115.9,-85.2,14448.0,196.2,74.56,ICC-WPB-2021-W50,DIGITAL_PDFPLUMBER,APPROVED
2021-12-24,2021,51,924.8,912.5,11604.0,1031.5,192819.0,830.4,56318.0,119.0,-82.1,14460.0,204.8,75.05,ICC-WPB-2021-W51,DIGITAL_PDFPLUMBER,APPROVED
2021-12-31,2021,52,933.7,921.7,11762.0,1046.5,190439.0,832.9,56708.0,124.8,-88.8,14490.0,199.1,75.32,ICC-WPB-2021-W52,DIGITAL_PDFPLUMBER,APPROVED
2022-01-07,2022,1,930.3,920.0,11717.0,1042.2,192344.0,828.6,56355.0,122.2,-91.4,14465.0,202.0,75.28,ICC-WPB-2022-W01,DIGITAL_PDFPLUMBER,APPROVED
2022-01-14,2022,2,933.5,920.4,11791.0,1050.1,192692.0,829.9,56213.0,129.7,-90.5,14550.0,200.7,74.96,ICC-WPB-2022-W02,DIGITAL_PDFPLUMBER,APPROVED
2022-01-21,2022,3,922.5,911.4,11588.0,1036.2,191700.0,819.8,55796.0,124.8,-91.6,14460.0,202.6,75.42,ICC-WPB-2022-W03,OCR_REPAIRED,AUTO_REPAIRED
2022-01-28,2022,4,919.6,908.3,11574.0,1033.5,189832.0,817.1,55371.0,125.2,-91.2,14498.0,201.2,75.12,ICC-WPB-2022-W04,OCR_VERIFIED,APPROVED
2022-02-04,2022,5,921.4,909.9,11593.0,1037.8,186243.0,816.5,55267.0,127.9,-93.4,14493.0,196.5,75.04,ICC-WPB-2022-W05,DIGITAL_PDFPLUMBER,APPROVED
2022-02-11,2022,6,915.3,903.4,11571.0,1033.0,192844.0,809.6,54720.0,129.6,-93.8,14584.0,204.5,75.0,ICC-WPB-2022-W06,DIGITAL_PDFPLUMBER,APPROVED
2022-02-18,2022,7,918.4,907.1,11586.0,1035.8,188498.0,812.2,55003.0,128.7,-94.9,14535.0,199.3,75.12,ICC-WPB-2022-W07,DIGITAL_PDFPLUMBER,APPROVED
2022-02-25,2022,8,917.0,904.9,11589.0,1033.7,184588.0,812.3,55018.0,128.8,-92.6,14579.0,195.6,75.13,ICC-WPB-2022-W08,DIGITAL_PDFPLUMBER,APPROVED
2022-03-04,2022,9,916.7,904.9,11504.0,1033.0,188223.0,812.3,55150.0,128.1,-92.6,14472.0,199.6,75.31,ICC-WPB-2022-W09,DIGITAL_PDFPLUMBER,APPROVED
2022-03-11,2022,10,914.7,903.2,11547.0,1030.3,194078.0,810.7,55051.0,127.1,-92.5,14557.0,206.4,75.34,ICC-WPB-2022-W10,DIGITAL_PDFPLUMBER,APPROVED
2022-03-18,2022,11,929.7,917.6,11784.0,1048.0,195624.0,823.5,56015.0,130.4,-94.1,14592.0,204.2,75.34,ICC-WPB-2022-W11,DIGITAL_PDFPLUMBER,APPROVED
2022-03-25,2022,12,932.1,920.1,11797.0,1052.2,192440.0,824.0,56165.0,132.1,-96.1,14562.0,200.0,75.49,ICC-WPB-2022-W12,OCR_VERIFIED,APPROVED
2022-04-01,2022,13,926.9,916.0,11778.0,1046.6,191320.0,818.2,55889.0,130.6,-97.8,14613.0,200.0,75.71,ICC-WPB-2022-W13,DIGITAL_PDFPLUMBER,APPROVED
2022-04-08,2022,14,936.4,924.3,11846.0,1058.1,193814.0,826.8,56525.0,133.8,-97.5,14548.0,200.2,75.69,ICC-WPB-2022-W14,DIGITAL_PDFPLUMBER,APPROVED
2022-04-15,2022,15,931.5,919.5,11852.0,1054.8,201257.0,820.3,55611.0,135.3,-99.2,14641.0,208.6,75.12,ICC-WPB-2022-W15,OCR_VERIFIED,APPROVED
2022-04-22,2022,16,936.9,923.9,11955.0,1062.2,197065.0,824.7,55771.0,138.3,-99.2,14688.0,202.7,74.89,ICC-WPB-2022-W16,DIGITAL_PDFPLUMBER,APPROVED
2022-04-29,2022,17,929.5,914.2,11721.0,1054.8,195758.0,819.5,56047.0,140.6,-94.7,14575.0,202.9,75.79,ICC-WPB-2022-W17,DIGITAL_PDFPLUMBER,APPROVED
2022-05-06,2022,18,923.8,908.7,11643.0,1047.2,196322.0,815.6,55361.0,138.5,-93.1,14577.0,205.1,75.26,ICC-WPB-2022-W18,DIGITAL_PDFPLUMBER,APPROVED
2022-05-13,2022,19,927.1,912.9,11778.0,1050.0,194208.0,818.3,55801.0,137.1,-94.6,14669.0,202.3,75.58,ICC-WPB-2022-W19,DIGITAL_PDFPLUMBER,APPROVED
2022-05-20,2022,20,936.4,920.6,11901.0,1060.2,195204.0,828.4,56414.0,139.6,-92.2,14682.0,201.2,75.38,ICC-WPB-2022-W20,OCR_VERIFIED,APPROVED
2022-05-27,2022,21,940.3,924.3,11884.0,1066.1,198929.0,830.4,56475.0,141.8,-93.9,14594.0,203.8,75.26,ICC-WPB-2022-W21,DIGITAL_PDFPLUMBER,APPROVED
2022-06-03,2022,22,940.0,925.9,11916.0,1067.8,202111.0,826.3,56629.0,141.9,-99.6,14605.0,206.7,75.88,ICC-WPB-2022-W22,DIGITAL_PDFPLUMBER,APPROVED
2022-06-10,2022,23,939.2,926.0,11927.0,1068.4,204779.0,823.3,56469.0,142.4,-102.7,14617.0,209.3,75.97,ICC-WPB-2022-W23,OCR_VERIFIED,APPROVED
2022-06-17,2022,24,931.0,918.2,11780.0,1064.5,208933.0,810.3,55262.0,146.3,-107.9,14576.0,214.4,75.67,ICC-WPB-2022-W24,OCR_VERIFIED,APPROVED
2022-06-24,2022,25,926.6,914.9,11753.0,1059.5,207958.0,805.5,54565.0,144.6,-109.4,14602.0,214.5,75.21,ICC-WPB-2022-W25,OCR_VERIFIED,APPROVED
2022-07-01,2022,26,924.9,912.7,11723.0,1059.1,212621.0,802.8,54759.0,146.4,-109.9,14604.0,219.4,75.76,ICC-WPB-2022-W26,DIGITAL_PDFPLUMBER,APPROVED
2022-07-08,2022,27,933.3,920.1,11845.0,1065.8,213700.0,813.9,55798.0,145.7,-106.2,14622.0,219.0,76.03,ICC-WPB-2022-W27,DIGITAL_PDFPLUMBER,APPROVED
2022-07-15,2022,28,935.4,922.4,11911.0,1067.4,216983.0,816.4,55672.0,145.0,-106.0,14661.0,222.0,75.6,ICC-WPB-2022-W28,OCR_REPAIRED,AUTO_REPAIRED
2022-07-22,2022,29,924.2,910.4,11750.0,1058.6,210380.0,803.5,55022.0,148.2,-106.9,14680.0,217.2,76.05,ICC-WPB-2022-W29,OCR_VERIFIED,APPROVED
2022-07-29,2022,30,926.7,911.6,11820.0,1062.2,223412.0,806.3,55228.0,150.6,-105.3,14745.0,229.8,76.04,ICC-WPB-2022-W30,DIGITAL_PDFPLUMBER,APPROVED
2022-08-05,2022,31,921.4,907.5,11673.0,1060.3,223460.0,796.3,54596.0,152.8,-111.2,14637.0,230.3,76.22,ICC-WPB-2022-W31,DIGITAL_PDFPLUMBER,APPROVED
2022-08-12,2022,32,916.2,901.1,11655.0,1057.6,227386.0,790.0,54059.0,156.5,-111.1,14733.0,235.0,76.14,ICC-WPB-2022-W32,DIGITAL_PDFPLUMBER,APPROVED
2022-08-19,2022,33,918.1,902.5,11639.0,1058.7,216795.0,793.0,54124.0,156.2,-109.5,14686.0,223.8,75.91,ICC-WPB-2022-W33,OCR_VERIFIED,APPROVED
2022-08-26,2022,34,921.0,906.2,11703.0,1064.1,237388.0,792.6,54507.0,157.9,-113.6,14699.0,243.7,76.49,ICC-WPB-2022-W34,DIGITAL_PDFPLUMBER,APPROVED
2022-09-02,2022,35,924.0,908.8,11774.0,1065.5,232559.0,797.7,54674.0,156.7,-111.1,14739.0,238.4,76.18,ICC-WPB-2022-W35,DIGITAL_PDFPLUMBER,APPROVED
2022-09-09,2022,36,914.9,899.3,11574.0,1056.5,236986.0,788.9,54054.0,157.2,-110.4,14664.0,245.2,76.25,ICC-WPB-2022-W36,DIGITAL_PDFPLUMBER,APPROVED
2022-09-16,2022,37,907.9,893.0,11540.0,1049.4,230352.0,781.2,53333.0,156.4,-111.8,14738.0,240.1,76.06,ICC-WPB-2022-W37,DIGITAL_PDFPLUMBER,APPROVED
2022-09-23,2022,38,905.7,890.4,11499.0,1046.6,237619.0,780.0,53354.0,156.2,-110.4,14735.0,248.4,76.22,ICC-WPB-2022-W38,OCR_VERIFIED,APPROVED
2022-09-30,2022,39,909.2,891.7,11535.0,1049.1,234979.0,786.8,53823.0,157.4,-104.9,14756.0,245.0,76.15,ICC-WPB-2022-W39,DIGITAL_PDFPLUMBER,APPROVED
2022-10-07,2022,40,900.0,883.4,11411.0,1037.8,235907.0,778.8,53360.0,154.4,-104.6,14754.0,248.9,76.36,ICC-WPB-2022-W40,OCR_VERIFIED,APPROVED
2022-10-14,2022,41,895.3,876.6,11390.0,1036.7,246426.0,772.5,53232.0,160.1,-104.1,14858.0,260.3,76.87,ICC-WPB-2022-W41,OCR_REPAIRED,AUTO_REPAIRED
2022-10-21,2022,42,880.8,863.8,11100.0,1020.2,237573.0,758.5,51661.0,156.4,-105.3,14725.0,255.4,76.14,ICC-WPB-2022-W42,DIGITAL_PDFPLUMBER,APPROVED
2022-10-28,2022,43,865.2,850.3,10909.0,1002.4,236494.0,742.8,50446.0,152.1,-107.5,14736.0,259.2,76.11,ICC-WPB-2022-W43,DIGITAL_PDFPLUMBER,APPROVED
2022-11-04,2022,44,866.3,849.9,10905.0,1004.7,241481.0,744.4,51106.0,154.8,-105.5,14739.0,264.0,76.92,ICC-WPB-2022-W44,DIGITAL_PDFPLUMBER,APPROVED
2022-11-11,2022,45,869.4,853.1,10959.0,1009.6,243786.0,745.5,50937.0,156.5,-107.6,14748.0,265.1,76.54,ICC-WPB-2022-W45,OCR_VERIFIED,APPROVED
2022-11-18,2022,46,863.8,847.1,10873.0,1004.7,243676.0,739.7,50441.0,157.6,-107.4,14751.0,266.4,76.46,ICC-WPB-2022-W46,DIGITAL_PDFPLUMBER,APPROVED
2022-11-25,2022,47,865.0,848.3,10956.0,1006.9,247196.0,739.9,50760.0,158.6,-108.4,14840.0,269.6,76.92,ICC-WPB-2022-W47,DIGITAL_PDFPLUMBER,APPROVED
2022-12-02,2022,48,862.6,845.7,10930.0,1003.4,255021.0,738.6,50416.0,157.7,-107.1,14857.0,279.2,76.55,ICC-WPB-2022-W48,OCR_VERIFIED,APPROVED
2022-12-09,2022,49,852.8,836.8,10738.0,991.0,245973.0,730.7,50228.0,154.2,-106.1,14774.0,273.0,77.19,ICC-WPB-2022-W49,DIGITAL_PDFPLUMBER,APPROVED
2022-12-16,2022,50,851.6,834.9,10705.0,988.5,248345.0,731.5,50126.0,153.6,-103.4,14768.0,276.4,76.94,ICC-WPB-2022-W50,OCR_VERIFIED,APPROVED
2022-12-23,2022,51,856.4,841.0,10844.0,991.6,254071.0,736.7,50362.0,150.6,-104.3,14834.0,281.8,76.69,ICC-WPB-2022-W51,DIGITAL_PDFPLUMBER,APPROVED
2022-12-30,2022,52,853.4,837.5,10763.0,990.0,255960.0,732.7,50512.0,152.5,-104.8,14794.0,284.4,77.39,ICC-WPB-2022-W52,DIGITAL_PDFPLUMBER,APPROVED
2023-01-06,2023,1,859.7,845.0,10918.0,996.1,260232.0,738.0,50488.0,151.1,-107.0,14854.0,287.2,76.73,ICC-WPB-2023-W01,DIGITAL_PDFPLUMBER,APPROVED
2023-01-13,2023,2,839.2,825.9,10625.0,973.6,254212.0,718.2,49212.0,147.7,-107.7,14841.0,287.7,77.11,ICC-WPB-2023-W02,OCR_VERIFIED,APPROVED
2023-01-20,2023,3,842.8,829.7,10630.0,975.4,251365.0,723.2,49546.0,145.7,-106.5,14770.0,283.9,77.03,ICC-WPB-2023-W03,DIGITAL_PDFPLUMBER,APPROVED
2023-01-27,2023,4,843.4,829.5,10731.0,975.4,262167.0,725.4,49902.0,145.9,-104.1,14915.0,296.1,77.32,ICC-WPB-2023-W04,OCR_VERIFIED,APPROVED
2023-02-03,2023,5,839.8,827.5,10714.0,970.6,254317.0,721.4,49657.0,143.1,-106.1,14932.0,288.8,77.42,ICC-WPB-2023-W05,OCR_VERIFIED,APPROVED
2023-02-10,2023,6,840.9,828.8,10660.0,968.4,260270.0,725.4,49747.0,139.6,-103.4,14830.0,296.3,77.08,ICC-WPB-2023-W06,DIGITAL_PDFPLUMBER,APPROVED
2023-02-17,2023,7,830.4,817.2,10500.0,956.5,255704.0,717.6,49044.0,139.3,-99.6,14847.0,295.1,76.92,ICC-WPB-2023-W07,OCR_REPAIRED,AUTO_REPAIRED
2023-02-24,2023,8,831.4,817.8,10535.0,956.7,259923.0,719.8,49431.0,138.9,-98.0,14884.0,299.9,77.26,ICC-WPB-2023-W08,DIGITAL_PDFPLUMBER,APPROVED
2023-03-03,2023,9,837.4,822.9,10617.0,959.2,264063.0,730.1,50064.0,136.3,-92.8,14893.0,303.8,77.01,ICC-WPB-2023-W09,DIGITAL_PDFPLUMBER,APPROVED
2023-03-10,2023,10,849.3,836.1,10829.0,969.8,269395.0,741.9,51443.0,133.7,-94.2,14914.0,306.2,77.72,ICC-WPB-2023-W10,DIGITAL_PDFPLUMBER,APPROVED
2023-03-17,2023,11,849.1,836.9,10890.0,970.2,271982.0,740.2,51027.0,133.3,-96.7,14981.0,309.0,77.29,ICC-WPB-2023-W11,OCR_VERIFIED,APPROVED
2023-03-24,2023,12,845.5,836.4,10815.0,964.3,275929.0,735.8,50628.0,127.9,-100.6,14889.0,315.6,77.2,ICC-WPB-2023-W12,DIGITAL_PDFPLUMBER,APPROVED
2023-03-31,2023,13,847.3,838.5,10831.0,961.0,273494.0,742.3,51242.0,122.5,-96.2,14868.0,314.0,77.37,ICC-WPB-2023-W13,DIGITAL_PDFPLUMBER,APPROVED
2023-04-07,2023,14,858.8,850.4,10993.0,969.6,276194.0,756.4,52103.0,119.2,-94.0,14848.0,314.0,77.03,ICC-WPB-2023-W14,DIGITAL_PDFPLUMBER,APPROVED
2023-04-14,2023,15,867.0,859.0,11148.0,976.4,284268.0,765.6,52901.0,117.4,-93.4,14884.0,320.7,77.16,ICC-WPB-2023-W15,DIGITAL_PDFPLUMBER,APPROVED
2023-04-21,2023,16,870.9,862.5,11229.0,979.7,288174.0,770.4,53672.0,117.2,-92.1,14922.0,323.9,77.74,ICC-WPB-2023-W16,DIGITAL_PDFPLUMBER,APPROVED
2023-04-28,2023,17,881.9,873.1,11454.0,993.6,287254.0,779.0,54040.0,120.5,-94.1,15010.0,317.9,77.31,ICC-WPB-2023-W17,OCR_VERIFIED,APPROVED
2023-05-05,2023,18,892.7,881.2,11501.0,1003.1,298401.0,793.9,55149.0,121.9,-87.3,14913.0,326.8,77.25,ICC-WPB-2023-W18,OCR_VERIFIED,APPROVED
2023-05-12,2023,19,906.7,895.4,11744.0,1015.7,305111.0,809.1,56636.0,120.3,-86.3,14953.0,329.6,77.68,ICC-WPB-2023-W19,DIGITAL_PDFPLUMBER,APPROVED
2023-05-19,2023,20,910.1,898.8,11791.0,1017.9,304908.0,813.5,57125.0,119.1,-85.3,14948.0,328.6,77.88,ICC-WPB-2023-W20,OCR_REPAIRED,AUTO_REPAIRED
2023-05-26,2023,21,915.5,904.8,11929.0,1019.8,313250.0,822.0,57728.0,115.0,-82.8,15009.0,336.9,77.8,ICC-WPB-2023-W21,DIGITAL_PDFPLUMBER,APPROVED
2023-06-02,2023,22,921.5,910.5,12068.0,1024.3,312056.0,829.7,58409.0,113.8,-80.8,15076.0,334.0,77.91,ICC-WPB-2023-W22,OCR_REPAIRED,AUTO_REPAIRED
2023-06-09,2023,23,919.8,909.0,11941.0,1020.8,314052.0,829.5,58094.0,111.8,-79.5,14945.0,337.4,77.51,ICC-WPB-2023-W23,DIGITAL_PDFPLUMBER,APPROVED
2023-06-16,2023,24,929.4,919.0,12097.0,1030.7,318709.0,838.4,58685.0,111.7,-80.6,14953.0,338.8,77.38,ICC-WPB-2023-W24,DIGITAL_PDFPLUMBER,APPROVED
2023-06-23,2023,25,938.3,928.5,12301.0,1036.6,323643.0,849.8,60152.0,108.1,-78.7,15029.0,341.9,78.14,ICC-WPB-2023-W25,DIGITAL_PDFPLUMBER,APPROVED
2023-06-30,2023,26,948.0,936.2,12409.0,1044.9,325143.0,863.0,60855.0,108.7,-73.2,15019.0,340.5,77.72,ICC-WPB-2023-W26,OCR_VERIFIED,APPROVED
2023-07-07,2023,27,956.5,942.1,12546.0,1054.4,329535.0,873.0,61680.0,112.3,-69.1,15078.0,341.7,77.78,ICC-WPB-2023-W27,DIGITAL_PDFPLUMBER,APPROVED
2023-07-14,2023,28,955.3,939.8,12470.0,1050.7,340856.0,875.4,62208.0,110.9,-64.4,15028.0,354.8,78.21,ICC-WPB-2023-W28,DIGITAL_PDFPLUMBER,APPROVED
2023-07-21,2023,29,959.1,943.7,12499.0,1054.8,336426.0,878.8,62346.0,111.1,-64.9,14992.0,348.7,78.05,ICC-WPB-2023-W29,DIGITAL_PDFPLUMBER,APPROVED
2023-07-28,2023,30,962.9,947.7,12600.0,1059.9,340047.0,881.0,62534.0,112.2,-66.7,15041.0,350.6,78.07,ICC-WPB-2023-W30,DIGITAL_PDFPLUMBER,APPROVED
2023-08-04,2023,31,962.9,948.3,12634.0,1058.4,337972.0,882.1,62989.0,110.1,-66.2,15071.0,349.0,78.53,ICC-WPB-2023-W31,DIGITAL_PDFPLUMBER,APPROVED
2023-08-11,2023,32,967.3,952.5,12691.0,1062.3,346917.0,887.2,62849.0,109.8,-65.3,15064.0,356.8,77.86,ICC-WPB-2023-W32,DIGITAL_PDFPLUMBER,APPROVED
2023-08-18,2023,33,975.6,959.9,12797.0,1068.8,347572.0,898.1,64049.0,108.9,-61.8,15057.0,355.1,78.29,ICC-WPB-2023-W33,OCR_VERIFIED,APPROVED
2023-08-25,2023,34,990.7,976.4,13072.0,1084.7,363165.0,911.0,64909.0,108.3,-65.4,15088.0,365.1,78.11,ICC-WPB-2023-W34,DIGITAL_PDFPLUMBER,APPROVED
2023-09-01,2023,35,996.1,981.3,13157.0,1086.6,361267.0,920.5,65727.0,105.3,-60.8,15100.0,362.5,78.2,ICC-WPB-2023-W35,OCR_VERIFIED,APPROVED
2023-09-08,2023,36,1001.0,986.3,13246.0,1090.8,356485.0,925.8,66438.0,104.5,-60.5,15116.0,356.2,78.55,ICC-WPB-2023-W36,DIGITAL_PDFPLUMBER,APPROVED
2023-09-15,2023,37,1003.1,988.4,13254.0,1093.6,367418.0,927.4,66385.0,105.2,-61.0,15089.0,366.1,78.34,ICC-WPB-2023-W37,OCR_VERIFIED,APPROVED
2023-09-22,2023,38,993.5,978.2,13074.0,1087.0,360216.0,915.4,65479.0,108.8,-62.8,15059.0,361.3,78.38,ICC-WPB-2023-W38,OCR_VERIFIED,APPROVED
2023-09-29,2023,39,994.7,979.8,13117.0,1090.7,356549.0,913.5,65471.0,110.9,-66.3,15080.0,356.3,78.55,ICC-WPB-2023-W39,DIGITAL_PDFPLUMBER,APPROVED
2023-10-06,2023,40,999.3,981.6,13191.0,1098.4,351226.0,918.0,65557.0,116.8,-63.6,15134.0,348.3,78.23,ICC-WPB-2023-W40,DIGITAL_PDFPLUMBER,APPROVED
2023-10-13,2023,41,1015.5,998.5,13371.0,1112.3,372833.0,935.6,66865.0,113.8,-62.9,15049.0,364.7,78.15,ICC-WPB-2023-W41,DIGITAL_PDFPLUMBER,APPROVED
2023-10-20,2023,42,1014.6,997.8,13414.0,1113.6,359795.0,932.3,66590.0,115.8,-65.5,15109.0,351.5,78.13,ICC-WPB-2023-W42,DIGITAL_PDFPLUMBER,APPROVED
2023-10-27,2023,43,1015.9,1000.0,13422.0,1115.8,359235.0,931.8,66389.0,115.8,-68.2,15081.0,350.2,77.94,ICC-WPB-2023-W43,OCR_VERIFIED,APPROVED
2023-11-03,2023,44,1017.5,999.7,13441.0,1121.5,370412.0,931.2,67228.0,121.8,-68.5,15107.0,359.1,78.98,ICC-WPB-2023-W44,DIGITAL_PDFPLUMBER,APPROVED
2023-11-10,2023,45,1010.3,991.9,13378.0,1110.8,371265.0,928.1,66347.0,118.9,-63.8,15170.0,363.7,78.23,ICC-WPB-2023-W45,DIGITAL_PDFPLUMBER,APPROVED
2023-11-17,2023,46,1016.2,998.9,13446.0,1114.8,368518.0,934.8,67085.0,115.9,-64.1,15127.0,359.6,78.48,ICC-WPB-2023-W46,DIGITAL_PDFPLUMBER,APPROVED
2023-11-24,2023,47,1018.6,1003.1,13510.0,1116.8,365952.0,935.8,67189.0,113.7,-67.3,15127.0,356.4,78.51,ICC-WPB-2023-W47,OCR_VERIFIED,APPROVED
2023-12-01,2023,48,1020.7,1007.6,13527.0,1114.6,364860.0,940.0,67673.0,107.0,-67.6,15070.0,356.1,78.69,ICC-WPB-2023-W48,DIGITAL_PDFPLUMBER,APPROVED
2023-12-08,2023,49,1013.5,1001.1,13520.0,1106.1,362341.0,933.3,67283.0,105.0,-67.8,15172.0,356.6,78.85,ICC-WPB-2023-W49,DIGITAL_PDFPLUMBER,APPROVED
2023-12-15,2023,50,1019.0,1009.6,13651.0,1112.2,363801.0,935.3,67483.0,102.6,-74.3,15174.0,355.9,78.9,ICC-WPB-2023-W50,DIGITAL_PDFPLUMBER,APPROVED
2023-12-22,2023,51,1009.5,999.9,13569.0,1102.6,358359.0,925.9,66471.0,102.7,-74.0,15248.0,353.9,78.58,ICC-WPB-2023-W51,OCR_VERIFIED,APPROVED
2023-12-29,2023,52,1012.9,1003.2,13527.0,1106.8,358829.0,928.8,66818.0,103.6,-74.4,15144.0,352.9,78.72,ICC-WPB-2023-W52,DIGITAL_PDFPLUMBER,APPROVED
2024-01-05,2024,1,1029.4,1017.2,13766.0,1126.2,364639.0,944.9,68215.0,109.0,-72.3,15174.0,351.9,78.87,ICC-WPB-2024-W01,DIGITAL_PDFPLUMBER,APPROVED
2024-01-12,2024,2,1025.5,1010.7,13674.0,1122.5,360446.0,943.2,67994.0,111.8,-67.5,15182.0,349.1,78.77,ICC-WPB-2024-W02,DIGITAL_PDFPLUMBER,APPROVED
2024-01-19,2024,3,1022.3,1007.2,13681.0,1117.2,359931.0,942.6,68378.0,110.0,-64.6,15248.0,350.4,79.27,ICC-WPB-2024-W03,DIGITAL_PDFPLUMBER,APPROVED
2024-01-26,2024,4,1022.3,1008.2,13634.0,1115.5,353798.0,943.2,68219.0,107.3,-65.0,15179.0,345.0,79.03,ICC-WPB-2024-W04,DIGITAL_PDFPLUMBER,APPROVED
2024-02-02,2024,5,1019.2,1005.5,13614.0,1114.3,358710.0,937.8,67878.0,108.8,-67.7,15203.0,350.2,79.13,ICC-WPB-2024-W05,OCR_VERIFIED,APPROVED
2024-02-09,2024,6,1011.0,996.4,13495.0,1101.3,350618.0,935.2,67689.0,104.9,-61.2,15224.0,346.7,79.15,ICC-WPB-2024-W06,DIGITAL_PDFPLUMBER,APPROVED
2024-02-16,2024,7,1014.6,998.1,13510.0,1108.7,352368.0,937.1,67977.0,110.6,-61.0,15212.0,345.9,79.31,ICC-WPB-2024-W07,DIGITAL_PDFPLUMBER,APPROVED
2024-02-23,2024,8,1010.5,992.7,13408.0,1106.9,356017.0,931.8,67377.0,114.2,-60.9,15190.0,350.1,79.1,ICC-WPB-2024-W08,DIGITAL_PDFPLUMBER,APPROVED
2024-03-01,2024,9,1014.8,997.5,13512.0,1110.5,361155.0,936.5,67467.0,113.0,-61.0,15225.0,353.9,78.77,ICC-WPB-2024-W09,OCR_VERIFIED,APPROVED
2024-03-08,2024,10,1009.4,993.6,13493.0,1101.7,356017.0,933.0,67583.0,108.1,-60.6,15271.0,351.9,79.23,ICC-WPB-2024-W10,DIGITAL_PDFPLUMBER,APPROVED
2024-03-15,2024,11,1023.1,1006.0,13604.0,1118.5,352570.0,944.9,68327.0,112.5,-61.1,15183.0,342.8,79.0,ICC-WPB-2024-W11,OCR_REPAIRED,AUTO_REPAIRED
2024-03-22,2024,12,1020.1,1003.5,13619.0,1116.1,353389.0,940.8,68063.0,112.6,-62.7,15242.0,344.4,79.07,ICC-WPB-2024-W12,DIGITAL_PDFPLUMBER,APPROVED
2024-03-29,2024,13,1021.6,1004.1,13600.0,1120.7,361570.0,940.0,68275.0,116.6,-64.1,15211.0,350.8,79.39,ICC-WPB-2024-W13,DIGITAL_PDFPLUMBER,APPROVED
2024-04-05,2024,14,1028.1,1012.2,13806.0,1124.5,355558.0,947.7,69060.0,112.3,-64.5,15303.0,343.7,79.59,ICC-WPB-2024-W14,DIGITAL_PDFPLUMBER,APPROVED
2024-04-12,2024,15,1022.2,1007.2,13626.0,1118.1,355723.0,941.2,68310.0,110.9,-66.0,15187.0,346.0,79.32,ICC-WPB-2024-W15,DIGITAL_PDFPLUMBER,APPROVED
2024-04-19,2024,16,1026.3,1011.8,13741.0,1123.4,359933.0,943.7,68604.0,111.6,-68.1,15237.0,348.3,79.43,ICC-WPB-2024-W16,DIGITAL_PDFPLUMBER,APPROVED
2024-04-26,2024,17,1038.1,1023.4,13961.0,1135.6,358223.0,955.4,69866.0,112.2,-68.0,15285.0,342.6,79.81,ICC-WPB-2024-W17,DIGITAL_PDFPLUMBER,APPROVED
2024-05-03,2024,18,1030.3,1016.1,13904.0,1127.6,359010.0,947.1,68917.0,111.5,-69.0,15345.0,346.0,79.48,ICC-WPB-2024-W18,DIGITAL_PDFPLUMBER,APPROVED
2024-05-10,2024,19,1036.3,1020.2,13906.0,1134.2,355550.0,954.6,70064.0,114.0,-65.6,15278.0,340.5,80.11,ICC-WPB-2024-W19,OCR_VERIFIED,APPROVED
2024-05-17,2024,20,1037.7,1024.8,13963.0,1136.2,358533.0,952.2,69462.0,111.4,-72.6,15263.0,342.7,79.64,ICC-WPB-2024-W20,DIGITAL_PDFPLUMBER,APPROVED
2024-05-24,2024,21,1046.4,1032.6,14189.0,1144.4,364401.0,962.3,69781.0,111.8,-70.3,15379.0,345.6,79.09,ICC-WPB-2024-W21,OCR_VERIFIED,APPROVED
2024-05-31,2024,22,1042.2,1027.1,13973.0,1140.0,355425.0,959.5,70149.0,112.9,-67.6,15236.0,338.5,79.76,ICC-WPB-2024-W22,DIGITAL_PDFPLUMBER,APPROVED
2024-06-07,2024,23,1034.7,1020.7,13851.0,1136.0,361079.0,947.4,69132.0,115.3,-73.3,15209.0,345.2,79.7,ICC-WPB-2024-W23,DIGITAL_PDFPLUMBER,APPROVED
2024-06-14,2024,24,1040.4,1025.9,14044.0,1144.1,361767.0,951.3,69678.0,118.2,-74.6,15334.0,343.2,79.97,ICC-WPB-2024-W24,DIGITAL_PDFPLUMBER,APPROVED
2024-06-21,2024,25,1042.6,1029.4,14065.0,1145.1,363798.0,953.3,69733.0,115.7,-76.1,15298.0,344.8,79.85,ICC-WPB-2024-W25,DIGITAL_PDFPLUMBER,APPROVED
2024-06-28,2024,26,1042.8,1032.1,14091.0,1144.2,361907.0,952.1,69489.0,112.1,-80.0,15281.0,343.3,79.68,ICC-WPB-2024-W26,DIGITAL_PDFPLUMBER,APPROVED
2024-07-05,2024,27,1046.5,1035.1,14214.0,1152.0,368408.0,952.5,69320.0,116.9,-82.6,15365.0,346.9,79.45,ICC-WPB-2024-W27,DIGITAL_PDFPLUMBER,APPROVED
2024-07-12,2024,28,1041.9,1030.9,14137.0,1149.8,362664.0,945.0,68975.0,118.9,-85.9,15351.0,342.2,79.74,ICC-WPB-2024-W28,DIGITAL_PDFPLUMBER,APPROVED
2024-07-19,2024,29,1043.8,1032.0,14126.0,1149.6,360158.0,949.9,69253.0,117.6,-82.1,15321.0,339.9,79.61,ICC-WPB-2024-W29,DIGITAL_PDFPLUMBER,APPROVED
2024-07-26,2024,30,1047.5,1033.2,14120.0,1156.5,364103.0,952.8,69580.0,123.3,-80.4,15295.0,341.4,79.72,ICC-WPB-2024-W30,DIGITAL_PDFPLUMBER,APPROVED
2024-08-02,2024,31,1042.9,1027.2,14124.0,1152.0,363735.0,949.4,69595.0,124.8,-77.8,15399.0,342.5,80.05,ICC-WPB-2024-W31,OCR_VERIFIED,APPROVED
2024-08-09,2024,32,1055.2,1037.6,14280.0,1167.0,366611.0,960.9,70789.0,129.4,-76.7,15395.0,340.4,80.36,ICC-WPB-2024-W32,OCR_VERIFIED,APPROVED
2024-08-16,2024,33,1055.2,1038.3,14266.0,1169.1,366894.0,958.2,70317.0,130.8,-80.1,15368.0,340.0,80.07,ICC-WPB-2024-W33,OCR_VERIFIED,APPROVED
2024-08-23,2024,34,1046.4,1027.7,14189.0,1165.8,362545.0,945.6,68997.0,138.1,-82.1,15462.0,337.0,79.71,ICC-WPB-2024-W34,OCR_VERIFIED,APPROVED
2024-08-30,2024,35,1049.6,1028.6,14089.0,1173.2,364822.0,947.1,69507.0,144.6,-81.5,15337.0,336.8,80.16,ICC-WPB-2024-W35,DIGITAL_PDFPLUMBER,APPROVED
2024-09-06,2024,36,1038.5,1018.5,13921.0,1163.6,358368.0,933.3,68588.0,145.1,-85.2,15323.0,333.8,80.38,ICC-WPB-2024-W36,DIGITAL_PDFPLUMBER,APPROVED
2024-09-13,2024,37,1041.2,1019.5,13977.0,1168.7,371504.0,935.4,68406.0,149.2,-84.1,15368.0,344.4,79.97,ICC-WPB-2024-W37,OCR_VERIFIED,APPROVED
2024-09-20,2024,38,1044.7,1022.4,14054.0,1174.8,361889.0,937.0,68671.0,152.4,-85.4,15403.0,333.6,80.13,ICC-WPB-2024-W38,DIGITAL_PDFPLUMBER,APPROVED
2024-09-27,2024,39,1035.6,1012.1,13913.0,1169.8,361841.0,925.0,67769.0,157.7,-87.1,15423.0,335.1,80.2,ICC-WPB-2024-W39,DIGITAL_PDFPLUMBER,APPROVED
2024-10-04,2024,40,1036.6,1013.2,13916.0,1169.4,361275.0,927.3,67818.0,156.2,-85.9,15407.0,334.7,80.04,ICC-WPB-2024-W40,DIGITAL_PDFPLUMBER,APPROVED
2024-10-11,2024,41,1035.2,1010.5,13905.0,1170.1,367126.0,925.0,67963.0,159.6,-85.5,15441.0,339.9,80.43,ICC-WPB-2024-W41,DIGITAL_PDFPLUMBER,APPROVED
2024-10-18,2024,42,1036.0,1010.3,13842.0,1174.4,363708.0,923.3,67700.0,164.1,-87.0,15375.0,335.4,80.28,ICC-WPB-2024-W42,DIGITAL_PDFPLUMBER,APPROVED
2024-10-25,2024,43,1042.0,1016.9,14060.0,1177.0,370015.0,932.1,68551.0,160.1,-84.8,15503.0,340.4,80.45,ICC-WPB-2024-W43,OCR_VERIFIED,APPROVED
2024-11-01,2024,44,1032.8,1009.6,13891.0,1167.5,359131.0,921.4,67447.0,157.9,-88.2,15441.0,333.3,80.16,ICC-WPB-2024-W44,DIGITAL_PDFPLUMBER,APPROVED
2024-11-08,2024,45,1021.0,999.0,13780.0,1152.2,357112.0,911.7,66794.0,153.2,-87.3,15501.0,336.2,80.31,ICC-WPB-2024-W45,DIGITAL_PDFPLUMBER,APPROVED
2024-11-15,2024,46,1010.1,987.7,13581.0,1141.4,348960.0,901.3,66221.0,153.7,-86.4,15473.0,331.9,80.63,ICC-WPB-2024-W46,OCR_REPAIRED,AUTO_REPAIRED
2024-11-22,2024,47,1000.1,977.0,13425.0,1134.2,357116.0,889.1,65052.0,157.2,-87.9,15484.0,342.0,80.4,ICC-WPB-2024-W47,DIGITAL_PDFPLUMBER,APPROVED
2024-11-29,2024,48,996.4,971.3,13347.0,1134.4,344548.0,883.6,65059.0,163.1,-87.7,15496.0,329.9,80.96,ICC-WPB-2024-W48,DIGITAL_PDFPLUMBER,APPROVED
2024-12-06,2024,49,993.1,968.7,13307.0,1133.4,349330.0,877.3,64151.0,164.7,-91.4,15497.0,334.8,80.46,ICC-WPB-2024-W49,DIGITAL_PDFPLUMBER,APPROVED
2024-12-13,2024,50,993.2,966.1,13280.0,1137.1,351407.0,876.4,64238.0,171.0,-89.7,15512.0,335.6,80.66,ICC-WPB-2024-W50,OCR_VERIFIED,APPROVED
2024-12-20,2024,51,993.4,967.5,13334.0,1135.8,349716.0,876.8,64437.0,168.3,-90.7,15550.0,334.4,80.87,ICC-WPB-2024-W51,OCR_VERIFIED,APPROVED
2024-12-27,2024,52,988.1,964.1,13243.0,1128.6,344711.0,871.5,63573.0,164.5,-92.6,15505.0,331.9,80.32,ICC-WPB-2024-W52,DIGITAL_PDFPLUMBER,APPROVED
2025-01-03,2025,1,995.6,970.5,13368.0,1136.2,347025.0,880.0,64216.0,165.7,-90.5,15535.0,331.7,80.27,ICC-WPB-2025-W01,OCR_VERIFIED,APPROVED
2025-01-10,2025,2,991.6,966.4,13278.0,1134.7,346840.0,873.6,63782.0,168.3,-92.8,15505.0,332.0,80.37,ICC-WPB-2025-W02,DIGITAL_PDFPLUMBER,APPROVED
2025-01-17,2025,3,1006.7,982.4,13593.0,1152.0,351416.0,885.7,65342.0,169.6,-96.7,15581.0,330.9,81.1,ICC-WPB-2025-W03,OCR_VERIFIED,APPROVED
2025-01-24,2025,4,1006.7,985.5,13563.0,1150.2,354531.0,884.4,64899.0,164.7,-101.1,15492.0,334.4,80.68,ICC-WPB-2025-W04,OCR_VERIFIED,APPROVED
2025-01-31,2025,5,1001.5,979.6,13574.0,1145.4,357147.0,879.5,65159.0,165.8,-100.1,15610.0,338.4,81.5,ICC-WPB-2025-W05,OCR_VERIFIED,APPROVED
2025-02-07,2025,6,992.7,972.9,13404.0,1136.1,343435.0,869.2,63728.0,163.2,-103.7,15534.0,328.3,80.75,ICC-WPB-2025-W06,DIGITAL_PDFPLUMBER,APPROVED
2025-02-14,2025,7,999.4,977.1,13421.0,1143.7,342558.0,877.4,64573.0,166.6,-99.7,15478.0,325.1,80.98,ICC-WPB-2025-W07,OCR_REPAIRED,AUTO_REPAIRED
2025-02-21,2025,8,998.8,977.5,13493.0,1146.5,347800.0,872.3,64454.0,169.0,-105.2,15554.0,329.2,81.35,ICC-WPB-2025-W08,OCR_VERIFIED,APPROVED
2025-02-28,2025,9,1006.6,984.6,13577.0,1152.0,359062.0,883.3,65477.0,167.4,-101.3,15524.0,338.1,81.51,ICC-WPB-2025-W09,DIGITAL_PDFPLUMBER,APPROVED
2025-03-07,2025,10,1013.0,991.0,13743.0,1158.1,348094.0,889.9,66055.0,167.1,-101.1,15599.0,325.9,81.56,ICC-WPB-2025-W10,OCR_VERIFIED,APPROVED
2025-03-14,2025,11,1015.5,994.3,13741.0,1159.5,357320.0,892.7,66138.0,165.2,-101.6,15539.0,334.1,81.38,ICC-WPB-2025-W11,DIGITAL_PDFPLUMBER,APPROVED
2025-03-21,2025,12,1014.5,993.4,13740.0,1159.7,357066.0,890.3,65934.0,166.3,-103.1,15554.0,333.8,81.37,ICC-WPB-2025-W12,OCR_VERIFIED,APPROVED
2025-03-28,2025,13,1011.4,988.7,13616.0,1159.1,348099.0,886.3,65552.0,170.4,-102.4,15496.0,325.6,81.3,ICC-WPB-2025-W13,DIGITAL_PDFPLUMBER,APPROVED
2025-04-04,2025,14,1013.6,991.6,13724.0,1160.2,352310.0,888.9,65828.0,168.6,-102.7,15567.0,329.2,81.38,ICC-WPB-2025-W14,DIGITAL_PDFPLUMBER,APPROVED
2025-04-11,2025,15,1027.1,1003.3,13833.0,1174.6,360629.0,903.3,66761.0,171.3,-100.0,15485.0,332.5,81.09,ICC-WPB-2025-W15,DIGITAL_PDFPLUMBER,APPROVED
2025-04-18,2025,16,1035.0,1011.4,13998.0,1182.2,355074.0,911.5,67401.0,170.8,-99.9,15529.0,325.1,81.06,ICC-WPB-2025-W16,DIGITAL_PDFPLUMBER,APPROVED
2025-04-25,2025,17,1033.9,1010.5,14085.0,1180.1,354610.0,911.0,67560.0,169.6,-99.5,15641.0,325.3,81.3,ICC-WPB-2025-W17,DIGITAL_PDFPLUMBER,APPROVED
2025-05-02,2025,18,1042.4,1019.1,14227.0,1189.4,355766.0,918.6,68170.0,170.3,-100.5,15649.0,323.6,81.29,ICC-WPB-2025-W18,DIGITAL_PDFPLUMBER,APPROVED
2025-05-09,2025,19,1051.9,1029.3,14377.0,1197.6,356315.0,928.7,68965.0,168.3,-100.6,15639.0,321.7,81.26,ICC-WPB-2025-W19,DIGITAL_PDFPLUMBER,APPROVED
2025-05-16,2025,20,1054.1,1031.5,14360.0,1199.1,357796.0,931.7,69482.0,167.6,-99.8,15583.0,322.6,81.58,ICC-WPB-2025-W20,DIGITAL_PDFPLUMBER,APPROVED
2025-05-23,2025,21,1061.0,1040.6,14546.0,1205.7,357247.0,936.6,69967.0,165.1,-104.0,15631.0,320.2,81.68,ICC-WPB-2025-W21,DIGITAL_PDFPLUMBER,APPROVED
2025-05-30,2025,22,1070.6,1049.1,14687.0,1221.0,366783.0,941.8,70237.0,171.9,-107.3,15639.0,324.3,81.5,ICC-WPB-2025-W22,DIGITAL_PDFPLUMBER,APPROVED
2025-06-06,2025,23,1072.3,1049.8,14655.0,1222.7,363710.0,944.5,70794.0,172.9,-105.3,15594.0,321.1,81.89,ICC-WPB-2025-W23,DIGITAL_PDFPLUMBER,APPROVED
2025-06-13,2025,24,1082.5,1060.2,14937.0,1231.9,370204.0,955.5,71152.0,171.7,-104.7,15720.0,324.2,81.27,ICC-WPB-2025-W24,OCR_VERIFIED,APPROVED
2025-06-20,2025,25,1094.4,1071.7,15098.0,1244.9,366681.0,966.7,72302.0,173.2,-105.0,15699.0,317.5,81.54,ICC-WPB-2025-W25,DIGITAL_PDFPLUMBER,APPROVED
2025-06-27,2025,26,1109.5,1086.5,15288.0,1260.2,378911.0,981.9,73460.0,173.7,-104.6,15656.0,323.8,81.45,ICC-WPB-2025-W26,OCR_VERIFIED,APPROVED
2025-07-04,2025,27,1124.3,1100.9,15530.0,1274.7,385146.0,997.4,74493.0,173.8,-103.5,15673.0,325.1,81.2,ICC-WPB-2025-W27,OCR_VERIFIED,APPROVED
2025-07-11,2025,28,1123.1,1099.1,15517.0,1275.5,373314.0,994.6,74705.0,176.4,-104.5,15688.0,314.9,81.68,ICC-WPB-2025-W28,DIGITAL_PDFPLUMBER,APPROVED
2025-07-18,2025,29,1124.2,1099.8,15434.0,1279.1,383841.0,993.6,74650.0,179.3,-106.2,15593.0,322.8,81.71,ICC-WPB-2025-W29,DIGITAL_PDFPLUMBER,APPROVED
2025-07-25,2025,30,1133.8,1109.5,15673.0,1287.8,389764.0,1004.2,75932.0,178.3,-105.3,15681.0,325.4,82.16,ICC-WPB-2025-W30,OCR_VERIFIED,APPROVED
2025-08-01,2025,31,1142.1,1118.8,15806.0,1296.1,381731.0,1011.5,76355.0,177.3,-107.3,15668.0,316.5,81.97,ICC-WPB-2025-W31,DIGITAL_PDFPLUMBER,APPROVED
2025-08-08,2025,32,1151.3,1127.6,15936.0,1304.6,396203.0,1021.7,76833.0,177.0,-105.9,15660.0,326.2,81.59,ICC-WPB-2025-W32,DIGITAL_PDFPLUMBER,APPROVED
2025-08-15,2025,33,1178.0,1157.7,16448.0,1328.3,397990.0,1048.0,79715.0,170.6,-109.7,15699.0,321.4,82.35,ICC-WPB-2025-W33,DIGITAL_PDFPLUMBER,APPROVED
2025-08-22,2025,34,1185.8,1165.9,16682.0,1332.4,393965.0,1059.2,80520.0,166.5,-106.7,15799.0,317.1,82.23,ICC-WPB-2025-W34,OCR_VERIFIED,APPROVED
2025-08-29,2025,35,1199.2,1177.1,16810.0,1348.2,401366.0,1072.2,81470.0,171.1,-104.9,15753.0,319.0,82.11,ICC-WPB-2025-W35,DIGITAL_PDFPLUMBER,APPROVED
2025-09-05,2025,36,1211.0,1186.8,16911.0,1363.3,408347.0,1083.0,82186.0,176.5,-103.8,15705.0,320.7,81.94,ICC-WPB-2025-W36,DIGITAL_PDFPLUMBER,APPROVED
2025-09-12,2025,37,1219.1,1194.0,17087.0,1370.0,407936.0,1093.3,82878.0,176.0,-100.7,15763.0,318.7,81.79,ICC-WPB-2025-W37,OCR_REPAIRED,AUTO_REPAIRED
2025-09-19,2025,38,1221.7,1194.4,17141.0,1372.4,410240.0,1098.4,83488.0,178.0,-96.0,15807.0,319.9,81.98,ICC-WPB-2025-W38,OCR_VERIFIED,APPROVED
2025-09-26,2025,39,1230.1,1201.3,17234.0,1380.5,405733.0,1108.5,84728.0,179.2,-92.8,15792.0,314.4,82.38,ICC-WPB-2025-W39,DIGITAL_PDFPLUMBER,APPROVED
2025-10-03,2025,40,1228.3,1197.7,17142.0,1386.4,411996.0,1100.9,84347.0,188.7,-96.8,15760.0,317.8,82.62,ICC-WPB-2025-W40,DIGITAL_PDFPLUMBER,APPROVED
2025-10-10,2025,41,1228.2,1197.2,17106.0,1389.5,405314.0,1097.8,84040.0,192.3,-99.4,15734.0,311.9,82.57,ICC-WPB-2025-W41,OCR_VERIFIED,APPROVED
2025-10-17,2025,42,1225.4,1194.8,17141.0,1386.8,409918.0,1094.6,83299.0,192.0,-100.2,15801.0,316.1,82.1,ICC-WPB-2025-W42,DIGITAL_PDFPLUMBER,APPROVED
2025-10-24,2025,43,1225.6,1195.7,17148.0,1384.9,405174.0,1096.2,83308.0,189.2,-99.5,15794.0,312.9,81.98,ICC-WPB-2025-W43,DIGITAL_PDFPLUMBER,APPROVED
2025-10-31,2025,44,1239.7,1210.8,17418.0,1395.1,408627.0,1113.3,85072.0,184.3,-97.5,15823.0,313.1,82.33,ICC-WPB-2025-W44,DIGITAL_PDFPLUMBER,APPROVED
2025-11-07,2025,45,1227.3,1198.5,17218.0,1383.5,413532.0,1099.9,83520.0,185.0,-98.6,15818.0,319.7,81.89,ICC-WPB-2025-W45,OCR_VERIFIED,APPROVED
2025-11-14,2025,46,1231.0,1202.6,17310.0,1385.3,412942.0,1105.2,84528.0,182.7,-97.4,15843.0,318.8,82.45,ICC-WPB-2025-W46,DIGITAL_PDFPLUMBER,APPROVED
2025-11-21,2025,47,1218.2,1191.6,17065.0,1369.9,405344.0,1093.0,83441.0,178.3,-98.6,15778.0,316.7,82.37,ICC-WPB-2025-W47,OCR_VERIFIED,APPROVED
2025-11-28,2025,48,1213.5,1187.9,17104.0,1364.1,395481.0,1088.6,83028.0,176.2,-99.3,15868.0,310.4,82.32,ICC-WPB-2025-W48,OCR_VERIFIED,APPROVED
2025-12-05,2025,49,1217.7,1194.2,17156.0,1366.9,399287.0,1092.1,83073.0,172.7,-102.1,15824.0,312.7,82.08,ICC-WPB-2025-W49,DIGITAL_PDFPLUMBER,APPROVED
2025-12-12,2025,50,1218.6,1194.0,17252.0,1371.6,407164.0,1090.3,83491.0,177.6,-103.7,15915.0,317.7,82.64,ICC-WPB-2025-W50,DIGITAL_PDFPLUMBER,APPROVED
2025-12-19,2025,51,1211.0,1186.4,17005.0,1366.3,400120.0,1080.2,82436.0,179.9,-106.2,15798.0,313.5,82.42,ICC-WPB-2025-W51,DIGITAL_PDFPLUMBER,APPROVED
2025-12-26,2025,52,1205.2,1181.3,17048.0,1360.9,407705.0,1073.3,81739.0,179.6,-108.0,15913.0,320.8,82.29,ICC-WPB-2025-W52,DIGITAL_PDFPLUMBER,APPROVED
2026-01-02,2026,1,1211.8,1185.4,17045.0,1369.0,401094.0,1080.9,81974.0,183.6,-104.5,15850.0,313.6,81.9,ICC-WPB-2026-W01,DIGITAL_PDFPLUMBER,APPROVED
2026-01-09,2026,2,1206.1,1180.4,16933.0,1363.8,398062.0,1074.2,82171.0,183.4,-106.2,15819.0,312.5,82.65,ICC-WPB-2026-W02,OCR_VERIFIED,APPROVED
2026-01-16,2026,3,1209.1,1181.9,16971.0,1362.4,394953.0,1083.1,83398.0,180.5,-98.8,15833.0,310.4,83.14,ICC-WPB-2026-W03,DIGITAL_PDFPLUMBER,APPROVED
2026-01-23,2026,4,1211.7,1182.5,16996.0,1367.0,397913.0,1085.7,83624.0,184.5,-96.8,15847.0,311.6,83.15,ICC-WPB-2026-W04,OCR_VERIFIED,APPROVED
2026-01-30,2026,5,1208.8,1178.8,16980.0,1364.4,395319.0,1083.3,82933.0,185.6,-95.5,15887.0,310.2,82.66,ICC-WPB-2026-W05,DIGITAL_PDFPLUMBER,APPROVED
2026-02-06,2026,6,1221.9,1193.6,17227.0,1375.5,402104.0,1096.6,84032.0,181.9,-97.0,15898.0,312.8,82.66,ICC-WPB-2026-W06,DIGITAL_PDFPLUMBER,APPROVED
2026-02-13,2026,7,1227.5,1198.7,17261.0,1379.5,404000.0,1104.2,84968.0,180.8,-94.5,15855.0,313.3,82.96,ICC-WPB-2026-W07,DIGITAL_PDFPLUMBER,APPROVED
2026-02-20,2026,8,1214.4,1187.0,17109.0,1364.5,391017.0,1091.8,83605.0,177.5,-95.2,15886.0,306.8,82.63,ICC-WPB-2026-W08,DIGITAL_PDFPLUMBER,APPROVED
2026-02-27,2026,9,1216.1,1189.9,17268.0,1362.6,387507.0,1095.7,84293.0,172.7,-94.2,15990.0,304.5,82.99,ICC-WPB-2026-W09,DIGITAL_PDFPLUMBER,APPROVED
2026-03-06,2026,10,1216.7,1187.5,17216.0,1362.2,384713.0,1100.4,84846.0,174.7,-87.1,15978.0,302.4,83.15,ICC-WPB-2026-W10,DIGITAL_PDFPLUMBER,APPROVED
2026-03-13,2026,11,1226.3,1195.3,17284.0,1375.0,398607.0,1108.6,85682.0,179.7,-86.7,15926.0,310.2,83.3,ICC-WPB-2026-W11,DIGITAL_PDFPLUMBER,APPROVED
2026-03-20,2026,12,1223.1,1192.5,17228.0,1367.3,388555.0,1109.4,85440.0,174.8,-83.1,15915.0,304.2,83.0,ICC-WPB-2026-W12,DIGITAL_PDFPLUMBER,APPROVED
2026-03-27,2026,13,1225.0,1194.5,17271.0,1370.1,384158.0,1110.3,85525.0,175.6,-84.2,15925.0,300.1,83.01,ICC-WPB-2026-W13,DIGITAL_PDFPLUMBER,APPROVED
2026-04-03,2026,14,1230.3,1200.6,17399.0,1373.4,396057.0,1117.0,85947.0,172.8,-83.6,15954.0,308.6,82.88,ICC-WPB-2026-W14,DIGITAL_PDFPLUMBER,APPROVED
2026-04-10,2026,15,1239.8,1209.2,17463.0,1379.6,406998.0,1130.5,87118.0,170.4,-78.7,15887.0,315.6,82.93,ICC-WPB-2026-W15,DIGITAL_PDFPLUMBER,APPROVED
2026-04-17,2026,16,1233.8,1204.5,17433.0,1372.2,392994.0,1124.8,86844.0,167.7,-79.7,15928.0,306.5,83.12,ICC-WPB-2026-W16,OCR_REPAIRED,AUTO_REPAIRED
2026-04-24,2026,17,1235.2,1205.3,17384.0,1369.6,395524.0,1130.8,87532.0,164.3,-74.5,15871.0,309.1,83.3,ICC-WPB-2026-W17,DIGITAL_PDFPLUMBER,APPROVED
2026-05-01,2026,18,1235.7,1205.3,17492.0,1368.8,391313.0,1133.0,87904.0,163.5,-72.3,15970.0,306.0,83.48,ICC-WPB-2026-W18,OCR_VERIFIED,APPROVED
2026-05-08,2026,19,1233.2,1204.2,17494.0,1364.2,388631.0,1131.1,87325.0,160.0,-73.1,15988.0,305.0,83.08,ICC-WPB-2026-W19,DIGITAL_PDFPLUMBER,APPROVED
2026-05-15,2026,20,1248.2,1218.6,17676.0,1378.4,397085.0,1147.5,89350.0,159.8,-71.1,15944.0,308.2,83.7,ICC-WPB-2026-W20,DIGITAL_PDFPLUMBER,APPROVED
2026-05-22,2026,21,1254.0,1223.9,17870.0,1382.5,392403.0,1155.7,89595.0,158.6,-68.2,16043.0,303.6,83.29,ICC-WPB-2026-W21,DIGITAL_PDFPLUMBER,APPROVED
2026-05-29,2026,22,1248.5,1218.3,17647.0,1375.2,392243.0,1152.1,89402.0,156.9,-66.2,15923.0,305.2,83.39,ICC-WPB-2026-W22,DIGITAL_PDFPLUMBER,APPROVED
2026-06-05,2026,23,1254.5,1226.7,17777.0,1379.8,393389.0,1157.0,89660.0,153.1,-69.7,15919.0,305.0,83.25,ICC-WPB-2026-W23,DIGITAL_PDFPLUMBER,APPROVED
2026-06-12,2026,24,1268.9,1242.5,18121.0,1392.8,392273.0,1171.3,90425.0,150.3,-71.2,16001.0,301.1,82.86,ICC-WPB-2026-W24,DIGITAL_PDFPLUMBER,APPROVED
2026-06-19,2026,25,1277.6,1250.9,18306.0,1402.4,402251.0,1179.4,92053.0,151.5,-71.5,16045.0,306.5,83.73,ICC-WPB-2026-W25,DIGITAL_PDFPLUMBER,APPROVED
2026-06-26,2026,26,1269.1,1242.2,18206.0,1394.2,393999.0,1170.8,91333.0,152.0,-71.4,16080.0,302.1,83.73,ICC-WPB-2026-W26,DIGITAL_PDFPLUMBER,APPROVED
2026-07-03,2026,27,1266.0,1239.9,18067.0,1387.8,388951.0,1170.3,91051.0,147.9,-69.6,15990.0,299.7,83.51,ICC-WPB-2026-W27,DIGITAL_PDFPLUMBER,APPROVED
2026-07-10,2026,28,1274.7,1248.6,18293.0,1395.7,396672.0,1179.7,91968.0,147.1,-68.9,16066.0,303.8,83.63,ICC-WPB-2026-W28,OCR_REPAIRED,AUTO_REPAIRED
2026-07-17,2026,29,1269.3,1243.9,18167.0,1392.1,388547.0,1171.9,91479.0,148.2,-72.0,16022.0,298.4,83.78,ICC-WPB-2026-W29,DIGITAL_PDFPLUMBER,APPROVED
2026-07-24,2026,30,1269.9,1246.2,18205.0,1388.2,391018.0,1175.3,91238.0,142.0,-70.9,16023.0,301.2,83.3,ICC-WPB-2026-W30,DIGITAL_PDFPLUMBER,APPROVED
2026-07-31,2026,31,1274.5,1250.1,18329.0,1392.7,391722.0,1180.8,92016.0,142.6,-69.3,16077.0,300.7,83.59,ICC-WPB-2026-W31,DIGITAL_PDFPLUMBER,APPROVED
2026-08-07,2026,32,1266.4,1242.5,18203.0,1381.9,392996.0,1174.8,91919.0,139.4,-67.7,16073.0,304.2,83.96,ICC-WPB-2026-W32,DIGITAL_PDFPLUMBER,APPROVED
2026-08-14,2026,33,1265.0,1240.0,18056.0,1380.0,389193.0,1175.0,91422.0,140.0,-65.0,15979.0,301.7,83.49,ICC-WPB-2026-W33,OCR_REPAIRED,AUTO_REPAIRED
